query,tab,tweet
MBG,top,"MBG ini sebenarnya alat kampanye wowo 
@prabowo
 yg dibiayai rakyat untuk pilpres 2029 nanti, makanya dia muliakan para pegawai MBG agar 2029 mereka dan keluarga besarnya ngasih suara untuk wowo! 
Bangsat emang !!"
MBG,top,"Bangsa Indonesia berduka atas gugurnya tiga prajurit TNI dalam tugas mulia sebagai pasukan perdamaian PBB di Lebanon.

Kami, saudara-saudara sebangsa dan se-Tanah Air, mengecam keras setiap tindakan keji yang merusak perdamaian dan menyebabkan gugurnya para prajurit terbaik"
MBG,top,"Kasus dugaan keracunan makanan program Makan Bergizi Gratis (MBG) terjadi di Kecamatan Tegalombo, Pacitan, Jawa Timur.

Puluhan siswa dari tingkat TK, SD, hingga SMP mengalami gejala seperti mual, muntah, pusing, dan lemas setelah mengonsumsi makanan di sekolah. Sebanyak 17 siswa"
MBG,top,"Pemandangan memprihatinkan ditemukan dalam pelaksanaan program Makan Bergizi Gratis (MBG) di Kecamatan Rawajitu Selatan (8/4/2026). 
Banyak makanan yang justru terbuang, bahkan tidak disentuh oleh siswa.

Hal ini terungkap dalam temuan Wakil Bupati Tulang Bawang, Hankam Hasan,"
MBG,top,"-Anggaran 1 porsi MBG: 10rb (sad food)
-Harga chicken steak Superindo selisih 5 ribu dari MBG udah dapat makanan yg sangat layak untuk manusia"
MBG,top,"Bapak guru ini lebih cocok dapat motor ketimbang dapur MBG yang dapat motor.

Kami lebih Ridho, MBG di tutup dan di alihkan ke guru guru terpencil dan fasilitas pendidikan

“Tak punya kendaraan, tapi punya tujuan: mencerdaskan kehidupan. Anak anak bangsa”"
MBG,top,"Beredar video dengan narasi sok yg tahu yang mengatakan mobil pengantar MBG menabrak seorang balita.

Faktanya balita tersebut bukan tertabrak MELAINKAN SEDANG BERMAIN di bawah mobil pengantar MBG yang sedang parkir.

Orang tua yang lalai mengawasi anaknya namun lagi-lagi mobil"
MBG,top,"Setiap kali bege'en meminta maaf atas kelalaian-kelalaiannya, kualitas SDM Indonesia mundur 10 langkah."
MBG,top,"Ini baru MBG 

Beda jauuuuuuuuhhhhhh ... cyn dengan yg ada di Konoha.

Di China bahkan ortu pun bisa ikut memantau kegiatan memasak di dapur MBG lewat cctv yg terkoneksi ke hp mereka.

Bahkan kepsek pun wajib mencicipi dulu menu makanan yg akan di hidangkan untuk siswa.
Tidak"
MBG,top,"Lagi dan lagi, Apa tidak sayang dibuang buang gini.
Pemandangan memprihatinkan ditemukan dalam pelaksanaan program Makan Bergizi Gratis (MBG) di Kecamatan Rawajitu Selatan.
panas sekali"
MBG,top,"Pernyataan sikap kami sejak 2 bulan lalu sama sekali belum berubah. Kami mendesak agar 
@muhammadiyah
 segera memecat kadernya ini. Ia tak hanya tak becus menjadi menteri, tetapi juga turut mengorkestrasi bobroknya mutu pendidikan di Indonesia.

Hal tersebut jelas tak sejalan"
MBG,top,"MBG sejalan dengan kebijakan Anda yang mana?

Abdul Mu'ti: ""MBG bagian dari program Tujuh Kebiasaan Anak Indonesia Hebat. Poin keempatnya adalah makan sehat dan bergizi. MBG juga bagian dari penanaman pendidikan karakter dengan makanan sebagai medianya.""

Apa dampak MBG terhadap"
MBG,top,"Lalu adik ku memukul pelaku dengan tempat makan MBG, agar pelaku berhenti menyerang adik ku. Ternyata pukulan adik ku mengenai dahi pelaku yg menyebabkan berdarah.￼"
MBG,top,"Guys, dengerin nih
OJK baru aja ngumumin kredit ratusan triliun mengalir ke program Presiden Prabowo
-Makan Bergizi Gratis (MBG), 
-Koperasi Desa/Kelurahan Merah Putih, 
-dan pembangunan 3 juta rumah. 

Tapikan sebelumnya mereka bilang semua dananya untuk itu udah ada dan itu"
MBG,top,"INI SAMA DENGAN 120 HARI MBG DOANG YAALLAH TOLONG DENGAR DOA RAKYAT INDONESIA… BERHENTIKAN MBG BERHENTIKAN MBG BERHENTIKAN MBG 99x  GW BENCI BANGET MBG, PROGRAM GAK FAEDAH YG PALING BIKIN GW MURKA"
MBG,top,"Masih di Indonesia 
Baik2 saja  

Plat nomernya sih Prov Riau.. tapi ga tau tepatnya di mana
Yg jelas beginilah kenyataannya 

Guru & murid nasibnya sama
Solusinya MBG?
Itu motor buat pegawai MBG, lbh layak diberikan pd Guru2 di pelosok (klo perbaiki jalan aja ga sanggup)"
MBG,top,"When Makanan sisa MBG yang tak dikonsumsi dikemas ulang dalam bungkus kertas coklat oleh siswa dan dilanjutkan dengan giat pengabdian masyarakat untuk diberikan kepada yang lebih membutuhkan.

Nih BGN dibantu agar MBG tepat sasaran.

©panjerraino in threads"
MBG,top,Ibu ini kecewa dg menu MBG utk anaknya yg PAUD
MBG,top,"Suruh makan anaknya Prabowo
Suruh makan anaknya Gibran
Suruh makan cucu2nya Jokowi
Jgn kasih ke rakyat !!

Itulah ungkapan kekecewaan seorang ibu yg menerima MBG utk anaknya yg PAUD Krn memang tdk sesuai dg standart kelayakan.

-------
Aozora Kataomoi Christy Reza"
MBG,top,"Demi keluarganya bisa makan
Yg seperti ini tdk mendapatkan MBG"
MBG,top,"Seorang anak balita terlind4s mobil MBG

Sebuah kecel4kaan tunggal terjadi di Desa Dukuhjati, Blok Margunah, Kec. Krangkeng, Indramayu Jum'at 10.04.26 pukul 10.00 WIB.

Hingga saat ini kami belum mengetahui secara pasti kronologi maupun identitas lengkap korban."
MBG,top,"Harus dateng ke superindo hari apa & jam brp sih biar bisa dapet makanan begini ges?

MBG kenapa kagak beli dari superindo aja yakk
gausah pusing2 buat sppg atau apalah itu 

Superindo : 1
MBG : 0"
MBG,top,"Kasih makan MBG seumur hidup aja kak. 
Dari sppg yg pernah bikin kasus keracunan makanan."
MBG,top,"Temuan mengejutkan terjadi dalam program Makan Bergizi Gratis (MBG) di SDN Cisarandi 1, Cianjur, pada Selasa, 7 April 2026. Sejumlah siswa dilaporkan enggan makan setelah ditemukan belatung dalam menu makanan yang dibagikan di sekolah.

Menurut guru SDN Cisarandi 1, Didan,"
MBG,top,Seorang ibu meluapkan kekecewaannya atas menu MBG yg diterima anaknya yg PAUD
MBG,top,"Programnya yg katanya bagus, tujuannya mulia. Tapi tanpa pengelolaan yg tepat, risikonya besar. makanan terbuang, anggaran tergerus.
Pertanyaannya, gimana caranya biar bantuan tetap tepat sasaran tanpa jadi pemborosan? 
Potensi Pemborosan Program MBG Capai Rp 14 Triliun per"
MBG,top,"Hadeww....
Udah sih kata gw mah yak stop itu embegeh , kasih uang ke ortu murid pasti akan lebih baik dan di sukai anak2 menunya.
Udah gitu jadi gda celah buat di korup

Setuju ga bolo ? 

Rapatkan komen jika setuju"
MBG,top,"Nggak masuk akal, anak kelas 2 SD harus hidup sebatang kara di rumah sepi...  Bayangin Aliya (8th), yatim yang ditinggal ibunya entah ke mana. 
Nenek yang selama ini ngerawat juga udah meninggal. 
Sekarang dia bener-bener sendirian. 
Buat makan, dia harus masuk semak-semak cari"
MBG,top,"Anjay, dana riset se-Indonesia raya cuma 2 hari MBG."
MBG,top,"Sebuah ironi dimana anggaran pendidikan dimainkan untuk syahwat project MBG, padahal banyak cara lain atasi stunting.

Sementara sektor krusial sektor pendidikan menjadi anak tiri dengan anggaran memprihatinkan.

Bukti rezim tak peduli dengan masa depan dan kualitas pendidikan"
MBG,top,"Ada yg nyeletuk katanya Siswa hadir karna MBG 

Plis atuh Stop ni program
Allah Tuhan Yg Maha Kuasa bakalan Murka klo terus buang² makanan kaya gini."
MBG,top,"Kesimpulan yang belakangan ini buat gue ga nyaman: udah ga mungkin siapapun presidennya 2029 buat undo MBG dan Koperasi Merah Putih. 

Ini beda sama IKN dimana pemerintah bisa pura-pura ga punya object permanance. Ini udah makan nyaris 50% APBN tahun ini, high visibility lagi."
MBG,top,"Jelek-jeleknya Indonesia, bencana, keracunan MBG, gaji guru minim, dll, 
@prabowo
 @Gerindra
 @gibran_tweet
 ga akan tau orang dihalangi sama Buna Teddy yang laporan nya selalu yang baik-baik nya aja ya kan? sama ditipu-tipu aja dikit, si gendut juga percaya."
MBG,top,"MENURUT INFO BANYAK SISWA YG TIDAK MAU MAKAN MBG .... KARENA BANYAK HAL .... 

AKHIRNYA MBG HANYA DIBUANG DI TEMPAT SAMPAH ....

ITULAH YG DINAMAKAN : PEMBOROSAN, BUANG2 ANGGARAN, BANYAK PENYIMPANGAN ANGGARAN DAN LAPORAN PROGRAM TIDAK SESUAI FAKTA."
MBG,top,"Tu pk wowo.bljarlah dari anak buah mu..klo mau tau kenyataan di lapangan..presiden sering2 sidak juga dong...

Tu sidak doang apa ada tindak lanjut bu nanik??

APA ARTINYA BU NANIK
DIBANDINGKAN KEPALA MBG-NYA???"
MBG,top,"Saat Prabowo Pamer Uang Sitaan 11,4 triliun hanya untuk menutupi kecolongan dan kebocoran anggaran MBG untuk motor listrik dan hal yang tidak ada hubungannya dengan penyediaan makan Bergizi Gratis.."
MBG,top,"Kemarin aku liat di komen, kepala sekolahnya nyuruh kepala sppgnya makan mbg di sekolah itu dan harus dimakan saat itu juga.. akhirnya ga ada deh makanan yg 'dinakali' sama dapurnya"
MBG,top,"MBG boleh berhenti aja ga sih?? kami butuh pendidikan gratis, sender udah apply banyak beasiswa dan loker, susah banget ditambah lagi ikut lomba penelitian, kepala rasanya mau pecah"
MBG,top,"Hidup jangan menghujat

Ide kreatif, berinisiatif buka lapak makanan dg nama MBG (Mantap Banget Gila) ala tebet

Begitu buka mengundang pemasaran yg lewat, laris makin laris

Banyak umkm titip jualan

Di sosmed diingatkan, hati2  didatangi aparat

Ternyata benar tapi beli"
MBG,top,"Mubazir...
Uang rakyat dihambur²kan  sia², kalau sudah begini mau salahkan siapa.
Anak² ada perasaan takut, bosan dan trauma melihat begitu masive keracunan dimana².
Anak² tdk suka, pembayar pajak tdk rela krn yg suka dan gembira hanya mrk yg ada di MBG."
MBG,top,"Yuk lebih bijak bermedsos, terkait viralnya seorang bocah terlindas mobil MBG, faktanya adalah si anak berada di dekat ban saat mobil berjalan pelan, dan langsung dibawa ke RS untuk pemeriksaan pasca kejadian, tidak terjadi cedera.

#LanjutkanMBG 

Asep #PersibDay FH UI #zonaba"
MBG,top,"Kasihan banget ada anak yang tangan nya terluka karena wadah makanan MBG. Ternyata ada juga wadah MBG yg tajam yg melukai tangan anak anak . 
Kata bu guru di sekolah tersebut,  ini bukan yg pertama kalinya anak terluka , sebelum ini sudah pernah . 

Duh kasihan ya.. ompreng  yg"
MBG,top,"Keracunan  MBG di Indonesia 2026 :

08/01/26 di Semarang (75)
09/01/26 di Grobogan (803)
10/01/26 di Mojokerto (411)
12/01/26 di Majene (61)
12/01/26 di Wonogiri (206)
13/01/26 di Pekalongan (15)
13/01/26 di Siak, Riau (21)
17/01/26 di Lombok Tengah (38)
20/01/26 di Tulungagung"
MBG,live,"Ayo dukung gizi anak melalui ekonomi lokal, bersama kita kembangkan!
Hasil riset MBG"
MBG,live,Mau anak sehat dan ekonomi masyarakat tumbuh? Itu semua berkat program MBG yang didasari hasil riset MBG #DukungMBG
MBG,live,"Gizi anak terjamin, ekonomi warga ikut tergerak! Inilah hasil riset MBG yang sesungguhnya#HasilRisetMBG #MakanBergiziGratis #IndonesiaEmas2045"
MBG,live,"Beli8, dapat1 gratis! Program makan bergizi diuji riset, dukung kebijakan data.
Hasil riset MBG"
MBG,live,"Program makan bergizi gratis diuji riset dulu, dukung kebijakan data.
Hasil riset MBG"
MBG,live,"Ayolah semua harus kompak supaya duit MBG bisa dialokasikan ke program yang lebih bermanfaat!

Mendingan buat gaji guru honorer, memperbaiki sekolah yang rusak/tidak layak, memperbaiki jalan di pedalaman, dan atau untuk pendidikan gratis sampai Sarjana!!!"
MBG,live,"Ini situasi MBG sehari-hari. Sisa makanan menggunung tak tersentuh oleh siswa, dan harus dibuang percuma. Memprihatinkan."
MBG,live,"Lewat hasil riset MBG, program makan bergizi ini juga jadi peluang buat relawan dan petani bertumbuh #DukungMBG"
MBG,live,"Bagi makanan sehat? Yuk cek program riset kami!
Hasil riset MBG"
MBG,live,"""Total uang tunai yang berhasil kita selamatkan sampai hari ini adalah Rp 31,3 triliun. Ini angka yang sangat besar. Dengan kalau kita punya bayangan dengan uang ini kita bisa memperbaiki 34.000 sekolah-sekolah kita di seluruh Indonesia, saudara-saudara sekalian"" kata Presiden"
MBG,live,"Semua manfaat ini udah kebukti dari hasil riset MBG, anak sehat dan ekonomi keluarga makin kuat #DukungMBG"
MBG,live,mending gue beli nasi uduk jir yg jelas menyehatkan dari pada gue jadi korban dari keracunan makanan mbg
MBG,live,"Anak sehat, keluarga sejahtera. Itu janji Program Makan Bergizi Gratis yang didukung penuh oleh Hasil riset MBG.  #AnakIndonesia #Kesejahteraan"
MBG,live,"Masih ragu sama MBG? Lihat dulu Hasil riset MBG yang komprehensif ini. Fakta, bukan asumsi!  #MBGFakta #MakanGratis"
MBG,live,Data adalah kunci. Hasil riset MBG jadi landasan utama Program Makan Bergizi Gratis diperluas.  #KebijakanPublik #DataMBG
MBG,live,"Anak senang, ekonomi riang! Hasil riset MBG menunjukkan dampak nyata dari Program Makan Bergizi Gratis.  #IndonesiaMaju #MBG"
MBG,live,Mikir Program Makan Bergizi Gratis cuma buang-buang uang? Pikir lagi! Ada Hasil riset MBG di balik semua ini.  #KesehatanAnak #ProgramData
MBG,live,"Makan bergizi gratis teruji riset, yuk dukung kebijakan berbasis data!
Hasil riset MBG"
MBG,live,"Bagaimana pendapatmu tentang program makan bergizi gratis?
Hasil riset MBG"
MBG,live,Kebanyakan makan MBG kali
MBG,live,"Riset FISIP UI menunjukkan MBG bukan cuma soal makan bergizi, tapi juga menggerakkan ekonomi masyarakat #MBG"
MBG,live,"MBG bukan soal bagi-bagi makan. Program MBG diuji lewat riset sebelum diperluas. Gizi anak dijaga, ekonomi masyarakat ikut bergerak.
Hasil riset MBG"
MBG,live,Program Makan Bergizi Gratis diuji lewat riser sebelum diperluas #MBG
MBG,live,"Bagikan makannya, rasakan gizi, bergabunglah!
Hasil riset MBG"
MBG,live,"Berbagi makanan berkualitas, bukan sekadar bantu, prioritas gizi.
Hasil riset MBG"
MBG,live,"MBG kapan begini gaes. 

Kalo kaya gini mamanya mau ikut makannnn"
MBG,live,5olong alamat Bapak yg ngomong ini... Bole di kirimi MBG..Menu Bangkai Gratis
MBG,live,"Program Makan Bergizi Gratis tidak hanya mendukung kesehatan anak, tetapi juga memperkuat proses belajar di sekolah. Temuan dari berbagai Hasil riset MBG menjadi dasar penting untuk terus menyempurnakan pelaksanaan program ini di Indonesia."
MBG,live,kuat makan mbg
MBG,live,Dukungan terhadap program MBG perlu terus diperkuat karena pemenuhan gizi anak adalah investasi masa depan bangsa. Sejumlah Hasil riset MBG juga menegaskan bahwa akses makanan bergizi berpengaruh pada perkembangan fisik dan konsentrasi belajar anak.
MBG,live,Program Makan Bergizi Gratis menjadi langkah nyata untuk memastikan anak-anak Indonesia memperoleh asupan nutrisi yang cukup. Berbagai kajian dan Hasil riset MBG menunjukkan pentingnya pemenuhan gizi bagi kualitas kesehatan dan kemampuan belajar generasi muda.
MBG,live,Hasil riset MBG buktiin bahwa intervensi tepat bikin warga makin mandiri ekonomi dan anak tumbuh sehat #DukungMBG
MBG,live,"Gizi anak terjamin, ekonomi warga ikut tergerak! Inilah hasil riset MBG yang sesungguhnya. Program Makan Bergizi Gratis terbukti bukan sekadar bagi-bagi makan, tapi investasi jangka panjang untuk bangsa. #HasilRisetMBG #MakanBergiziGratis #IndonesiaEmas2045"
MBG,live,"Berkolaborasi itu asik bareng hasil riset MBG, gizi anak terjamin, rezeki warga dan UMKM lokal makin deras #DukungMBG"
MBG,live,Cuman di Indonesia loker ada maksimal persyaratan umur karena di pikiran pemerintah ini umur di atas 25 udah dapur MBG & lahan sawit sendiri.
MBG,live,"MBG  ala chef Lala

20% nasi daun jeruk
15% sambal
65% lauk

Dahlah met makan setelah sejam berkutat di dapur, diapproved sm bos gw klo nasi buatan gw weunak poll"
MBG,live,Ini bukan sekadar membagi makanan! Hasil riset MBG tegaskan program diuji lewat riset ilmiah demi kualitas gizi anak terjamin!  #HasilRisetMBG #MakanBergiziGratis
MBG,live,"Rakyat yg diadu domba, makanya dikasi MBG biar botol semua rakyat dan mudah diadu"
MBG,live,"Hasil riset MBG dari FISIP UI buktikan satu SPPG putar Rp10-12 M/tahun, 85% belanja ke petani lokal & buka 50 lapangan kerja!  #HasilRisetMBG #MakanBergiziGratis"
MBG,live,"MBG tuh lebih berguna buat mahasiswa anjir, gw mahasiswa perantau nih sering kekurangan makan woy"
MBG,live,MBG bukan sekadar bagi-bagi makan! Hasil riset MBG membuktikan program ini diuji ilmiah sebelum diperluas demi kebijakan berbasis data!  #HasilRisetMBG #MakanBergiziGratis
MBG,live,"Gak cuma anak-anak yang rasain manfaat, hasil riset MBG juga buat ekonomi masyarakat terus berputar #DukungMBG"
MBG,live,makan mbg juga?
MBG,live,"Program Makan Bergizi Gratis (MBG) bukan sekadar pemenuhan nutrisi, tapi juga penggerak ekonomi riil. 

#MakanBergiziGratis #EkonomiKerakyatan #IndonesiaSehat #KetahananPangan #PemerataanGizi"
MBG,live,gw paling benci orang yg ga bisa bersikap depan makanan. bahkan sekalipun tu makanan kaga enak ttp ga pantes (kecuali menu mbg)
MBG,live,wajar gak kalo aku illfeel?  Pdhl sender juga not a fan of sweet tp gk segitunya  kalau cobain makanan gaenak sender selalu habiskan dulu dan baru beropini... apalagi kalau nyobain punya orang
MBG,live,"Ini penyajian menu MBG apa bukan? Kalo iya gak higienis banget. Gak pakai sarung tangan, pake baju kaos lengan pendek gak kebayang tuh keringat netes ke makanannya

Kalo seperti ini mah sama aja kek beli nasi di warung"
MBG,live,"Program Makan Bergizi Gratis hadir sebagai investasi nyata untuk masa depan anak bangsa. Sehatkan generasi, bangun Indonesia yang lebih unggul!
#MBG #Sarapan #Investasi #Prabowo #BGN"
MBG,live,"Kenyataannya di lapangan alat makannya pada bosok, jancuk” MBG program taek"
MBG,live,"sirup.inaproc.id/sirup/rekap/pe
…
“Data resmi SiRUP LKPP: Pengadaan alat makan MBG untuk 15 SPPG di DIY = Rp 4,19 triliun.
Sementara guru honorer masih hidup pas-pasan dan sekolah di Indonesia Timur banyak yang reyot dari bambu & lantai tanah.
Prioritas negara kita ini yang mana?"
MBG,live,"Kasihan hanya perasaan orang berkemauan baik yang tidak mampu berbuat. Kasihan hanya satu kemewahan, atau satu kelemahan. Yang terpuji memang dia yang mampu melakukan kemauan baiknya. - Pramoedya Ananta Toer  #MerahPutih #MBG #MakanBergisiGratis #DariRakyat"
MBG,live,[...] soalnya memang kertas-kertas yang lebih bisa dipercaya. Lebih bisa dipercaya daripada mulut penulisnya sendiri. - Pramoedya Ananta Toer  #MerahPutih #MBG #MakanBergisiGratis #DariRakyat
MBG,live,"Banyak Pribumi yang mengimpi jadi Belanda, dan gadis yang lebih banyak bertampang Eropa ini lebih suka mengaku Pribumi. - Pramoedya Ananta Toer  #MerahPutih #MBG #MakanBergisiGratis #DariRakyat"
MBG,live,"Barang siapa tidak tahu bersetia pada azas, dia terbuka terhadap segala kejahatan: dijahati atau menjahati. - Pramoedya Ananta Toer  #MerahPutih #MBG #MakanBergisiGratis #DariRakyat"
MBG,live,"Seorang terpelajar harus juga belajar berlaku adil sudah sejak dalam pikiran, apalagi perbuatan. - Pramoedya Ananta Toer  #MerahPutih #MBG #MakanBergisiGratis #DariRakyat"
MBG,live,"Pengecut ! Pengecut ! ini diri belum berani
Dibiarkan juga genderang menyekarat
Di lereng-lereng lembah belum diolah
Dan matahari tambah condong
Memburu tiap diri cari selimut sembunyian. - Pramoedya Ananta Toer  #MerahPutih #MBG #MakanBergisiGratis #DariRakyat"
MBG,live,"Dukung gerakan yang berbasis hasil riset MBG, supaya anak sehat dan ekonomi masyarakat terus bergerak #DukungMBG"
MBG,live,"Terlepas menu makanannya, program mbg tetep jelek. Titik."
MBG,live,"All of this menu are better than Indonesia's MBG, even the old one"
MBG,live,Untung mereka sudah makan MBG jadi kuat nanjak daah... Terimakasih Pak Dadaaan...
MBG,live,"Undip sejak 2022 memberi makan bergizi gratis bagi mahasiswa kurang mampu lewat Food Truck. Program ini menyalurkan 1.850 porsi per hari dengan anggaran Rp 6 miliar per tahun.

Baca selengkapnya: 
kompas.com/edu/read/2026/
…

~RK #undip #MBG #mahasiswa"
MBG,live,"Hasil riset MBG bukan cuma buat anak sehat, tapi juga dorong penghasilan relawan dan petani meningkat #DukungMBG"
MBG,live,"Lewat hasil riset MBG, anak-anak bisa dapet makanan bergizi dan ekonomi warga sekitar pun ikut jalan #DukungMBG"
MBG,live,"Dadan kan ahli serangga boss, makanya di mbg banyak serangga."
MBG,live,"Perlengkapan kerja petugas lapangan, seperti Kaos Kaki SPPG, adalah bagian penting dari suksesnya program gizi nasional, bukan pengeluaran konsumtif! Ini merupakan wujud efektivitas dari komponen operasional pada realisasi anggaran MBG agar distribusi makanan ke anak-anak"
MBG,live,"Kini pantau menu harian dan gizi anak sekolah jadi lebih mudah lewat Sistem Informasi (SIM BG). Inovasi digital ini memastikan realisasi anggaran MBG selalu terpantau, transparan, dan bisa diakses langsung oleh orang tua. Kepercayaan publik adalah prioritas!"
MBG,live,MBG (Makan Bergizi Goyim)
MBG,live,"Dengan digitalisasi, MBG hadir lebih akuntabel, transparan, dan dipercaya masyarakat di seluruh Indonesia. Kawal Realisasi anggaran MBG"
MBG,live,"duit segini kalo buat riset, indonesia bisa maju daripada MBG, hasilnya masalah dan masalah. riset juga bisa buat ekonomi berputar di beberapa sektor. kalo MBG mematikan UMKM dan pasar rakyat."
MBG,live,"Semua diatur berdasarkan hasil riset MBG, jadi bukan hanya soal makan tapi juga dukung ekonomi warga #DukungMBG"
MBG,live,"Makan sehat buat anak dan perputaran ekonomi jadi satu, semua landasannya hasil riset MBG #DukungMBG"
MBG,live,"Nah, makanya bubarin aja. Kalo masih ngide MBG dana kasih lngsung ke sekolah. Kirim satu orang buat tenaga pengawas atau pelaksana. Nanti jalan sendiri."
MBG,live,Jangan di samakan lah tiap program apalagi mbg kan masih baru
MBG,live,"Program MBG adalah investasi jangka panjang bagi bangsa, karena gizi yang baik hari ini akan menentukan masa depan Indonesia. Realisasi anggaran MBG menjadi langkah strategis dalam mewujudkan Indonesia yang lebih maju dan sejahtera"
MBG,live,"Kehadiran MBG membawa harapan baru bagi keluarga, terutama dalam meringankan beban ekonomi sekaligus menjaga kesehatan anak. Realisasi anggaran MBG mencerminkan kepedulian nyata terhadap kesejahteraan masyarakat"
MBG,live,"Wah langsung diviralin ya, padahal belum jelas hasil labnya  Klasik banget… apa-apa disalahin program pemerintah dulu.

Program MBG itu tujuannya jelas buat perbaiki gizi anak, bukan asal bagi-bagi tanpa standar. Justru ada prosedur uji coba dulu—itu bukti kehati-hatian"
MBG,live,"Dengan hadirnya program MBG, anak-anak Indonesia kini memiliki peluang lebih besar untuk tumbuh sehat, cerdas, dan berdaya saing. Realisasi anggaran MBG menunjukkan bahwa pembangunan sumber daya manusia menjadi prioritas utama"
MBG,live,"Dia lupa bahwa yang batu dan keras kepala adalah dia, pecundang yang memperhamba diri sok tegur negara lain.
x.com/AnakLolina2/st
…"
MBG,live,"Program makan bergizi gratis (MBG) menjadi langkah nyata dalam meningkatkan kualitas generasi masa depan, memastikan anak-anak mendapatkan asupan nutrisi yang cukup setiap hari. Realisasi anggaran MBG menjadi bukti komitmen pemerintah dalam menghadirkan kesejahteraan bagi rakyat"
MBG,live,"Salah satu yang lagi disorot sekarang ini adalah program Makan Bergizi Gratis (MBG) 

apakah tetap dijalanin full?
atau perlu disesuaikan biar lebih efisien?"
MBG,live,"Ratusan siswa di Dayeuh Kolot Bandung Kembalikan Makanan MBG Yang diduga Basi... 

Lagi..."
MBG,live,"ini udh berlaku sih walau cmn bawa kertas nasi atau tempat. Jdi di tempat ku ku warga lansia sama balita itu skrng mbg nya udh gk di bungkus² lgi, jdi mbg itu di ksih ke ibu pkk dalam keadaan blm di bungkusin, jdi warga suruh bawa kertas nasi/tempat makan nah nnti baru di tuangin"
MBG,live,"sampe sekarang ga habis pikir kenapa anak SMA juga ikut kebagian MBG, fungsinya apa? tujuan awal mengurangi stunting itu anak udah pada jembutan kaga ngaruh juga, termasuk SMP dan SD. kalo niatnya bener, harusnya MBG full di ibu hamil dan 100 hari pertama bayi."
MBG,live,Mbg makan buah gonjo
MBG,live,"Indih masih mentah, ngasih makanan bergizi anak ko seperti ngasih makan anak kucing.
Lempar kemuka SPPG atau suruh mereka makan masakanya sendiri yg belum matang."
MBG,live,"Sejak kapan jaman sebelum masehi ada arsitek. 
Oalah.. makanya makan MBG biar pintar."
MBG,live,"Nih bapak IQ nya kurang kali ya, MBG kenyataannya buat anak2 keracunan, andaikan nggak keracunan isinya klo bahasa jawanya ORAK NGAJENI + ladang korupsi terang2an."
MBG,live,"Kritik boleh, tapi jangan sampe ngeskip fakta. Indonesia cerah itu dibangun pelan-pelan lewat Kerja Nyata. MBG bukan tipe yang banyak teori, dia lebih ke eksekusi.
#LanjutkanMBG"
MBG,live,"Program MBG hadir sebagai investasi masa depan bangsa memastikan setiap anak mendapatkan asupan gizi seimbang untuk tumbuh sehat, kuat, dan cerdas.

#MBG #GiziAnak #GenerasiCerdas"
makan bergizi gratis,top,"Program sebagus ini malah di desak untuk di hentikan oleh gerombolan udang.

Program Makan Bergizi Gratis merupakan instrumen transformasi besar yang memberdayakan sekitar 160 juta petani dan peternak sebagai pemasok utama kebutuhan pangan nasional. Dampak positif kebijakan ini"
makan bergizi gratis,top,Makanan bergizi berbayar
makan bergizi gratis,top,"sejumlah siswa SMPN 1 Dayeuhkolot mengembalikan paket Makan Bergizi Gratis (MBG) Selasa (7/4/2026) di dapur Satuan Pelayanan Pemenuhan Gizi (SPPG) MBG yang berlokasi di Jalan Pasigaran, Desa Citeureup, Kecamatan Dayeuhkolot, Kabupaten Bandung.

Para siswa secara beramai-ramai"
makan bergizi gratis,top,guys mau nanya…. kalo bagi bagi freebies dalam bentuk makanan tuh boleh ga sih?
makan bergizi gratis,top,"Emang saat pendirian gada pemeriksaan gitu ya?


Narasi dari sumber: ""Serius mo nanya ini bikin SPPG Cakung Timur ga salah milih lokasi? Masa di belakang samping tumpukan sampah banget.  Makan Bergizi Gratis sih, tapi tempat yang lebih bersih bisa kali""  -"
makan bergizi gratis,top,"Dua kebaikan nyata dalam satu program: anak-anak gembira karena makanannya enak bergizi, dan orang tua lega karena pengeluaran pangan bulanan berkurang signifikan! Mari Kawal bersama MBG agar pelaksanaannya makin sempurna di lapangan!
#MakanBergiziGratis #MBG"
makan bergizi gratis,top,"Sengkarut Suplai Makan Gratis: Petani Sumenep Cuma Jadi Penonton? 
maduraexpose.com/polemik-suplai
…"
makan bergizi gratis,top,"MBG (Makan Bergizi Gratis) 
MBG (Mantep Banget Gila) 

ada aja idenya orang2"
makan bergizi gratis,top,"Program Makan Bergizi Gratis (MBG) bukan sekadar bagi-bagi makanan. Ini soal keberlanjutan, ketepatan sasaran, dan dampak ekonomi.

#fraksipdiperjuangan #komisi2 #makanbergizigratis #umkm #telingasenayan"
makan bergizi gratis,top,bayar 15 ribu/ porsi. jam 6 sore ada 200+ porsi gratis
makan bergizi gratis,top,"Mobil MBG Ugal-ugalan lur

Sebuah mobil box yang diduga terkait program Makan Bergizi Gratis (MBG) terpantau melaju ugal-ugalan di wilayah Jalan Pemuda menuju Jalan Sudirman arah Artos, Magelang, pada Kamis (2/4/2026) malam. 

Dalam kejadian tersebut, kendaraan dilaporkan sempat"
makan bergizi gratis,top,Badan Gizi Nasional (BGN) kembali menghentikan sementara operasional (suspend) ratusan Satuan Pelayanan Pemenuhan Gizi (SPPG) di sejumlah wilayah. Langkah ini diambil untuk memastikan pelaksanaan Program Makan Bergizi Gratis (MBG) tetap berjalan sesuai standar kualitas dan
makan bergizi gratis,top,"Sebanyak 4.755 siswa dilaporkan mengalami keracunan dalam program Makan Bergizi Gratis (MBG) hanya dalam dua bulan pertama 2026. Federasi Serikat Guru Indonesia (FSGI) menilai angka ini bukan sekadar statistik, melainkan tanda serius adanya masalah dalam pengawasan, kualitas"
makan bergizi gratis,top,"Bisa bisanya nyuruh patungamln MBG

Rakyat juga masih banyak yang susah makan !!!"
makan bergizi gratis,top,"Media sosial kembali dihebohkan dengan beredarnya video yang menampilkan aksi tak biasa dari seorang mitra program Makan Bergizi Gratis (MBG).

Setelah sebelumnya nama Hendrik Irawan jadi sorotan karena aksi jogetnya, kini giliran pria berinisial YD yang ramai diperbincangkan"
makan bergizi gratis,top,"..

Insiden tak higienis terjadi dalam program makan bergizi gratis di SMKN 8 Semarang, setelah ditemukan seekor tikus keluar dari dalam boks pengiriman makanan.
Peristiwa tersebut menghebohkan siswa dan viral di sosial media"
makan bergizi gratis,top,"MBG DI SMPN 1 CIANJUR BERANI TAMPIL BEDA.

Suasana program Makan Bergizi Gratis (MBG) di SMP Negeri 1 Cianjur terlihat berbeda pada Senin (30/3). Kali ini, makanan disajikan dengan konsep prasmanan, sehingga para siswa mengambil menu mereka sendiri secara bergiliran."
makan bergizi gratis,top,"Peel the grapefruit

Makan Bergizi Gratis Indonesia Maju?
#Sarapan #pagiii"
makan bergizi gratis,top,gw gak butuh makan gratis gw butuh pendidikan gratis ANJENGGGGGG
makan bergizi gratis,top,"Belum usai polemik motor listrik untuk program Makan Bergizi Gratis (MBG), kini Koperasi Desa Merah Putih juga menjadi sorotan dengan pengadaan ribuan kendaraannya."
makan bergizi gratis,top,Badan Gizi Nasional berencana menyediakan kendaraan operasional berupa motor listrik bagi Kepala Satuan Pelayanan Pemenuhan Gizi (SPPG) atau dapur program Makan Bergizi Gratis (MBG).
makan bergizi gratis,top,"Zulkifli Hasan menekankan pentingnya sinergi dalam program makan bergizi gratis
suaraindonesia.co.id/news/news/69d7
…

#MenkoPangan
#PartaiAmanatNasional
#ZulkifliHasan
#Zulhas
#GD_Zulhas"
makan bergizi gratis,top,"Nyangka ga kalian??

Pengadaan puluhan ribu motor untuk operasional program Makan Bergizi Gratis (MBG) menjadi sorotan publik. Badan Gizi Nasional (BGN) menyebut pengadaan ini ditujukan untuk mendukung operasional Satuan Pelayanan Pemenuhan Gizi (SPPG), khususnya dalam distribusi"
makan bergizi gratis,top,"Program Makan Bergizi Gratis (MBG) Tembus 61,2 Juta Penerima

#MBGzeromasalah"
makan bergizi gratis,top,"Hayo efek dari apa?

Yes, kita kudu bener bener jeli milih pemimpin. Kadang pemimpin nulis A di visi-misinya, tapi ternyata dampak A itu berpengaruh ke yang lainnya.

Contohnya adalah penerapan makan bergizi gratis yang berdampak terhadap efisiensi dan menjadikan PENDIDIKAN"
makan bergizi gratis,top,"kok bisa?
Mau bilang kok MBG lagi, nanti salah..
Tp bbrp kali sopir MBG terlibat kecelakaan..
Sebenernya kompeten ga sih? 

Meski mungkin orang tua si anak jg lengah...

Sebuah mobil boks pengangkut Makan Bergizi Gratis (MBG) melindas balita di Kec Krangkeng, Kab"
makan bergizi gratis,top,"Judul programnya makan bergizi gratis, anggaran buat beli motor 42 juta sebanyak 31.000!!! Giliran buat anggaran makanan anak2nya malah cuman 10.000 / anak. Dimana logikanya?"
makan bergizi gratis,top,"Badan Gizi Nasional (BGN) menyampaikan permohonan maaf sekaligus melakukan evaluasi menyeluruh setelah 72 siswa di Duren Sawit, Jakarta Timur, diduga mengalami keracunan makanan dari program Makan Bergizi Gratis (MBG), Kamis (2/4/2026).

Baca di sini: 
nasional.kompas.com/read/2026/04/0
…

~AA"
makan bergizi gratis,top,"Viral Siswa SDN 2 Sanggau Angkut MBG, Warga Soroti Minimnya Petugas

Siswa-siswi SDN 2 Sanggau mengangkut ompreng Makan Bergizi Gratis (MBG) secara mandiri viral di media sosial, Kamis (9/4) siang.

Informasi yang beredar menyebutkan, kendaraan pengangkut MBG hanya dapat berhenti"
makan bergizi gratis,top,"Setiap hari jam 17 wib (Umum)
Santunan Anak Yatim tiap hari
Gratis Makan Bergizi 
Rumah Yatim Hafiz 

Open Donatur
BCA KCU Kalimalang
Norek: 230 317 1746
A/N: Trisno/Sri Utami

Instagram:
instagram.com/trisnopasuruan…

Tiktok:
tiktok.com/@trisno_165?_t…"
makan bergizi gratis,top,"Program Makan Bergizi Gratis (MBG) terus menunjukkan dampak nyata dalam meningkatkan kualitas generasi muda Indonesia, khususnya di wilayah yang selama ini menghadapi keterbatasan akses gizi ."
makan bergizi gratis,top,"DPC PDI Perjuangan Kab. Klaten menggelar kegiatan sosial 'Dapur Marhaen '.
Kegiatan yang menyasar masyarakat umum berupa makan bergizi dan layanan kesehatan gratis."
makan bergizi gratis,top,"Ngapain biayain program yg hanya gendutin pengurusnya? Nyampe ke anak2 juga seadanya. 

Punya uang mah langsung aja ngasih sembako ke tetangga yg gak mampu. Jauh lebih tepat sasaran."
makan bergizi gratis,top,"Mending duwitnya untuk beli bahan dan dimasak sendiri di rumah. Hasilnya nyata untuk anak2. 

Bukan dikumpulin atas nama gotong royong lalu dikelola oleh BGN untuk kalian."
makan bergizi gratis,top,Dukung Program Makan Bergizi Gratis
makan bergizi gratis,top,"Siapa yang menikmati pertumbuhan 9% itu? RRC kah? Rakyat RI kah? Atau mafia di pemerintahan? 

Hashim Pede Ekonomi Tumbuh 9 Persen Berkat Makan Bergizi Gratis 

Fakta lapangan 
Banyak mitra program makan bergizi gratis mundur karena tak dibayar BGN 

#JokowiGibranBiangRusuh"
makan bergizi gratis,top,Kolaborasi Kampus Perkuat Program Makan Bergizi Gratis
makan bergizi gratis,top,"Distribusi makan bergizi gratis lebih dari sekedar dapur 
MBG satu tujuan
Pemenuhan Gizi Anak Indonesia"
makan bergizi gratis,top,"Anak-anak sangat menyukai menu Makan Bergizi Gratis. Setiap suapan hari ini adalah bekal mereka untuk tumbuh cerdas esok hari. Ayo kita Kawal bersama MBG demi generasi penerus yang tangguh!
#MakanBergiziGratis #MBG"
makan bergizi gratis,top,"Kawal bersama MBG untuk memastikan generasi sehat, kuat, dan cerdas lewat akses pangan bergizi merata. Saatnya semua pihak bergerak demi masa depan bangsa #MakanBergiziGratis #GiziUntukNegeri #IndonesiaSehat"
makan bergizi gratis,top,"Kepala Badan Gizi Nasional (BGN) Dadan Hindayana menyampaikan klarifikasinya perihal isu sepeda motor listrik untuk program Makan Bergizi Gratis (MBG) yang jadi perbincangan warganet.

Baca di sini: 
nasional.kompas.com/read/2026/04/0
…

~AA #BGN #SPPG #MotorListrik"
makan bergizi gratis,top,"Babinsa Koramil 01/Loli Kodim 1613/Sumba Barat, Sertu Silas Kikhau melaksanakan kegiatan monitoring penyaluran Makan Bergizi Gratis (MBG) di SDI Dokakaka, Kecamatan Loli, Kabupaten Sumba Barat, Kamis (08/04/2026)."
makan bergizi gratis,top,Jual makan bergizi gratis
makan bergizi gratis,top,"Walau fenomena El Nino membawa tantangan untuk wilayah pesisir, beberapa langkah strategis sudah siapkan, mulai dari pengembangan budi daya perikanan, peningkatan produktivitas KNMP, sampai pemenuhan asupan protein masyarakat melalui program Makan Bergizi Gratis."
makan bergizi gratis,top,"Wakil Ketua Komisi IX DPR RI Fraksi PDI Perjuangan Charles Honoris, menyoroti pengadaan puluhan ribu motor listrik oleh Badan Gizi Nasional (BGN) yang diperuntukkan bagi Kepala Satuan Pelayanan Pemenuhan Gizi (SPPG) dalam program Makan Bergizi Gratis (MBG)."
makan bergizi gratis,top,"Peristiwa dugaan keracunan Makan Bergizi Gratis (MBG) kembali terjadi di Kota Jambi. Diduga ada tiga guru di SMP Negeri 7 Kota Jambi dilaporkan mengalami gejala keracunan usai mencicipi menu MBG.
@menuembegejelek"
makan bergizi gratis,top,"Keputusan ini disampaikan oleh Menteri Keuangan (Menkeu) Purbaya Yudhi Sadewa setelah melakukan klarifikasi dengan Badan Gizi Nasional (BGN), yang sebelumnya diketahui telah mengajukan pembelian 21.800 unit motor listrik untuk mendukung Program Makan Bergizi Gratis (MBG)."
makan bergizi gratis,top,Program Makan Bergizi Gratis banyak memberikan manfaat bagi kesejahteraan masyarakat Indonesia. Oleh sebab itu mari kita Kawal bersama MBG hingga program MBG dapat berjalan sebagaimana mestinya.
makan bergizi gratis,top,"Panglima Komando Operasi (Pangkoops) TNI Habema, Mayjen TNI Yudha Airlangga, melaksanakan kegiatan bakti sosial berupa pembagian sembako, pelayanan kesehatan, serta pemberian makan bergizi gratis kepada masyarakat Distrik Gome, Kabupaten Puncak, Rabu (8/4/2026). Kegiatan ini"
makan bergizi gratis,top,"Program yang berada di bawah koordinasi Badan Gizi Nasional (BGN) ini sejatinya ditujukan untuk mendukung distribusi dan efektivitas program Makan Bergizi Gratis (MBG), namun ketika fasilitas negara dipersepsikan sebagai ajang gaya atau hiburan, wajar jika publik mulai"
makan bergizi gratis,top,"ya namanya bukan makanan bergizi GRATIS dong, sumpah penasaran kek mana itu otak kalian bekerja"
makan bergizi gratis,top,"News: 72 siswa di Pondok Kelapa, Duren Sawit, Jakarta Timur keracunan setelah makan spaghetti dalam program Makan Bergizi Gratis (MBG), dengan gejala demam, mual, muntah, dan diare; Gubernur Pramono menduga penyebabnya dari menu spaghetti tersebut."
makan bergizi gratis,top,"Dalam video tersebut, dinarasikan bahwa motor listrik itu untuk mendukung operasional program makan bergizi gratis atau MBG di wilayah Jawa Barat saja."
makan bergizi gratis,top,"Optimalisasi Pemantauan Program Makan Bergizi Gratis di Seluruh Indonesia. Dengan digitalisasi, MBG hadir lebih akuntabel, transparan, dan dipercaya masparakat di seluruh Indonesia. Realisasi Anggaran MBG terus dioptimalkan."
makan bergizi gratis,top,HEBOH Mobil Program Makan Bergizi Gratis di NTB Diduga Buat Wisata
makan bergizi gratis,top,"Maksi hari ini : ayam kalasan, naspad, mie gacoan

Gratis semua 

Masyaallah tabarakallah.."
makan bergizi gratis,top,Asosiasi Pengusaha dan Pengelola Dapur Makan Bergizi Gratis Indonesia (APPMBGI) secara resmi memperkuat struktur organisasi mereka dengan menunjuk Hashim Djojohadikusumo sebagai Ketua Penasihat.
makan bergizi gratis,top,"Menteri Keuangan Purbaya Yudhi Sadewa memastikan pemerintah tidak melanjutkan pembelian sepeda motor listrik untuk Program Makan Bergizi Gratis pada 2026.

Baca Selengkapnya di: 
money.kompas.com/read/2026/04/0
…

~AC #Menkeu #Purbaya #MBG"
makan bergizi gratis,top,"Jangan mudah terpancing dengan berita yang simpang siur, mari mendukung penuh program makan bergizi gratis."
makan bergizi gratis,top,Program Makan Bergizi Gratis hadir untuk membantu memastikan anak-anak Indonesia memperoleh nutrisi yang cukup setiap hari. Dukungan masyarakat sangat diperlukan untuk menjaga kualitas pelaksanaannya. Kawal bersama MBG agar manfaatnya benar-benar dirasakan
makan bergizi gratis,top,"Arah Kebijakan BPP Tahun Anggaran 2026
Prioritas Utama:
- Makan Bergizi Gratis
- Ketahanan Pangan
- Ketahanan Energi
- Perumahan
- Pertahanan Keamanan
Prioritas Pendukung:
- Pendidikan
- Kesehatan
Sinkronisasi Program
- Pro-growth
- Pro-employment
- Pro-devisa"
makan bergizi gratis,top,"Semua itu dilakukan untuk program yg katanya gratis.....
Bahkan pendidikan & kesehatan masuk di prioritas pendukung. Sehat sehat untuk kita semua"
makan bergizi gratis,top,"Ngga sudi, buat makan sendiri aja masih luntang lantung"
makan bergizi gratis,top,Kebijakan ini menunjukkan komitmen pemerintah dalam membangun sumber daya manusia yang unggul #MBG #MakanBergiziGratis
makan bergizi gratis,top,"MBG babe, MBG means 'Makan Bergizi Gratis' or Free Nutritious Meals, ompreng is the tray, like this one
#OnlyFriendsDreamOnEP7"
makan bergizi gratis,top,namun yang jelas program makan bergizi gratis akan terus terlaksana
makan bergizi gratis,top,"VIRAL! TEMUAN CACING DALAM MAKANAN PROGRAM ""MAKAN BERGIZI GRATIS"" DI SUKABUMI"
makan bergizi gratis,top,"Program Makan Bergizi Gratis (MBG) membuka kesempatan kerja bagi masyarakat di berbagai daerah, termasuk bagi mereka yang terdampak kehilangan pekerjaan.

Salah satunya adalah Erna Pujiastuti. Setelah terkena PHK dari pabrik tekstil, kini ia kembali bekerja di Satuan Pelayanan"
makan bergizi gratis,top,"Program Makan Bergizi Gratis atau MBG diluncurkan 6 Januari 2025 dengan 190 dapur SPPG di 26 provinsi melayani sekitar 570.000 penerima. 
Setahun kemudian sudah ada 19.000 lebih SPPG di 38 provinsi, menjangkau 56 juta orang, mempekerjakan hampir 790.000 pekerja, dan memproduksi"
